<?xml version="1.0" encoding="UTF-8"?><gmd:MD_Metadata xmlns:xlink="http://www.w3.org/1999/xlink" xmlns:srv="http://www.isotc211.org/2005/srv" xmlns:gts="http://www.isotc211.org/2005/gts" xmlns:gmd="http://www.isotc211.org/2005/gmd" xmlns:gco="http://www.isotc211.org/2005/gco" xmlns:gml="http://www.opengis.net/gml" xmlns:xsi="http://www.w3.org/2001/XMLSchema-instance">
<gmd:fileIdentifier>
<gco:CharacterString>1464041056504r8714462606686888</gco:CharacterString>
</gmd:fileIdentifier>
<gmd:language>
<gmd:LanguageCode codeList="http://www.loc.gov/standards/iso639-2/php/code_list.php" codeListValue="eng" codeSpace="ISO639-2">eng</gmd:LanguageCode>
</gmd:language>
<gmd:characterSet>
<gmd:MD_CharacterSetCode codeList="http://www.isotc211.org/2005/resources/Codelist/gmxCodelists.xml#MD_CharacterSetCode" codeListValue="utf8" codeSpace="ISOTC211/19115">utf8</gmd:MD_CharacterSetCode>
</gmd:characterSet>
<gmd:hierarchyLevel>
<gmd:MD_ScopeCode codeList="http://www.isotc211.org/2005/resources/Codelist/gmxCodelists.xml#MD_ScopeCode" codeListValue="dataset" codeSpace="ISOTC211/19115">dataset</gmd:MD_ScopeCode>
</gmd:hierarchyLevel>
<gmd:hierarchyLevelName>
<gco:CharacterString>dataset</gco:CharacterString>
</gmd:hierarchyLevelName>
<gmd:contact>
<gmd:CI_ResponsibleParty>
<gmd:organisationName>
<gco:CharacterString>New York City Department of City Planning</gco:CharacterString>
</gmd:organisationName>
<gmd:positionName>
<gco:CharacterString>BYTES of the BIG APPLE Coordinator</gco:CharacterString>
</gmd:positionName>
<gmd:contactInfo>
<gmd:CI_Contact>
<gmd:phone>
<gmd:CI_Telephone>
<gmd:voice>
<gco:CharacterString>212.720.3505</gco:CharacterString>
</gmd:voice>
</gmd:CI_Telephone>
</gmd:phone>
<gmd:address>
<gmd:CI_Address>
<gmd:deliveryPoint>
<gco:CharacterString>120 Broadway, 31st Floor</gco:CharacterString>
</gmd:deliveryPoint>
<gmd:city>
<gco:CharacterString>New York</gco:CharacterString>
</gmd:city>
<gmd:administrativeArea>
<gco:CharacterString>New York</gco:CharacterString>
</gmd:administrativeArea>
<gmd:postalCode>
<gco:CharacterString>10271</gco:CharacterString>
</gmd:postalCode>
<gmd:country>
<gco:CharacterString>US</gco:CharacterString>
</gmd:country>
</gmd:CI_Address>
</gmd:address>
</gmd:CI_Contact>
</gmd:contactInfo>
<gmd:role>
<gmd:CI_RoleCode codeList="http://www.isotc211.org/2005/resources/Codelist/gmxCodelists.xml#CI_RoleCode" codeListValue="pointOfContact" codeSpace="ISOTC211/19115">pointOfContact</gmd:CI_RoleCode>
</gmd:role>
</gmd:CI_ResponsibleParty>
</gmd:contact>
<dateStamp>
<gco:Date>2016-05-20</gco:Date>
</dateStamp>
<gmd:metadataStandardName>
<gco:CharacterString>ISO 19139 Geographic Information - Metadata - Implementation Specification</gco:CharacterString>
</gmd:metadataStandardName>
<gmd:metadataStandardVersion>
<gco:CharacterString>2007</gco:CharacterString>
</gmd:metadataStandardVersion>
<gmd:spatialRepresentationInfo>
<gmd:MD_VectorSpatialRepresentation>
<gmd:topologyLevel>
<gmd:MD_TopologyLevelCode codeList="http://www.isotc211.org/2005/resources/Codelist/gmxCodelists.xml#MD_TopologyLevelCode" codeListValue="geometryOnly" codeSpace="ISOTC211/19115">geometryOnly</gmd:MD_TopologyLevelCode>
</gmd:topologyLevel>
<gmd:geometricObjects>
<gmd:MD_GeometricObjects>
<gmd:geometricObjectType>
<gmd:MD_GeometricObjectTypeCode codeList="http://www.isotc211.org/2005/resources/Codelist/gmxCodelists.xml#MD_GeometricObjectTypeCode" codeListValue="composite" codeSpace="ISOTC211/19115">composite</gmd:MD_GeometricObjectTypeCode>
</gmd:geometricObjectType>
</gmd:MD_GeometricObjects>
</gmd:geometricObjects>
</gmd:MD_VectorSpatialRepresentation>
</gmd:spatialRepresentationInfo>
<gmd:referenceSystemInfo>
<gmd:MD_ReferenceSystem>
<gmd:referenceSystemIdentifier>
<gmd:RS_Identifier>
<gmd:code>
<gco:CharacterString>2263</gco:CharacterString>
</gmd:code>
<gmd:codeSpace>
<gco:CharacterString>EPSG</gco:CharacterString>
</gmd:codeSpace>
<gmd:version>
<gco:CharacterString>8.6.2</gco:CharacterString>
</gmd:version>
</gmd:RS_Identifier>
</gmd:referenceSystemIdentifier>
</gmd:MD_ReferenceSystem>
</gmd:referenceSystemInfo>
<gmd:identificationInfo>
<gmd:MD_DataIdentification>
<gmd:citation>
<gmd:CI_Citation>
<gmd:title>
<gco:CharacterString>New York City Census Tracts for 2010 US Census Water Included</gco:CharacterString>
</gmd:title>
<gmd:date>
<gmd:CI_Date>
<date>
<gco:DateTime>2016-04-22T8:24:11</gco:DateTime>
</date>
<gmd:dateType>
<gmd:CI_DateTypeCode codeList="http://www.isotc211.org/2005/resources/Codelist/gmxCodelists.xml#CI_DateTypeCode" codeListValue="creation" codeSpace="ISOTC211/19115">creation</gmd:CI_DateTypeCode>
</gmd:dateType>
</gmd:CI_Date>
</gmd:date>
<gmd:date>
<gmd:CI_Date>
<date>
<gco:DateTime>2016-04-22T8:24:11</gco:DateTime>
</date>
<gmd:dateType>
<gmd:CI_DateTypeCode codeList="http://www.isotc211.org/2005/resources/Codelist/gmxCodelists.xml#CI_DateTypeCode" codeListValue="publication" codeSpace="ISOTC211/19115">publication</gmd:CI_DateTypeCode>
</gmd:dateType>
</gmd:CI_Date>
</gmd:date>
<gmd:edition>
<gco:CharacterString>16B</gco:CharacterString>
</gmd:edition>
<gmd:citedResponsibleParty>
<gmd:CI_ResponsibleParty>
<gmd:organisationName>
<gco:CharacterString>New York City Department of City Planning</gco:CharacterString>
</gmd:organisationName>
<gmd:role>
<gmd:CI_RoleCode codeList="http://www.isotc211.org/2005/resources/Codelist/gmxCodelists.xml#CI_RoleCode" codeListValue="originator" codeSpace="ISOTC211/19115">originator</gmd:CI_RoleCode>
</gmd:role>
</gmd:CI_ResponsibleParty>
</gmd:citedResponsibleParty>
<gmd:citedResponsibleParty>
<gmd:CI_ResponsibleParty>
<gmd:organisationName>
<gco:CharacterString>New York City Department of City Planning</gco:CharacterString>
</gmd:organisationName>
<gmd:role>
<gmd:CI_RoleCode codeList="http://www.isotc211.org/2005/resources/Codelist/gmxCodelists.xml#CI_RoleCode" codeListValue="publisher" codeSpace="ISOTC211/19115">publisher</gmd:CI_RoleCode>
</gmd:role>
</gmd:CI_ResponsibleParty>
</gmd:citedResponsibleParty>
<gmd:presentationForm>
<gmd:CI_PresentationFormCode codeList="http://www.isotc211.org/2005/resources/Codelist/gmxCodelists.xml#CI_PresentationFormCode" codeListValue="mapDigital" codeSpace="ISOTC211/19115">mapDigital</gmd:CI_PresentationFormCode>
</gmd:presentationForm>
<gmd:series>
<gmd:CI_Series>
<gmd:name>
<gco:CharacterString>BYTES of the BIG APPLE</gco:CharacterString>
</gmd:name>
<gmd:issueIdentification>
<gco:CharacterString>16B</gco:CharacterString>
</gmd:issueIdentification>
</gmd:CI_Series>
</gmd:series>
</gmd:CI_Citation>
</gmd:citation>
<gmd:abstract>
<gco:CharacterString>The Census Tracts for the 2010 US Census. These boundary files are derived from the US Census Bureaus TIGER project and have been geographically modified to fit the New York City base map.</gco:CharacterString>
</gmd:abstract>
<gmd:purpose>
<gco:CharacterString>These districts were created by the Department of City Planning to aid city agencies in administering public services.</gco:CharacterString>
</gmd:purpose>
<gmd:credit>
<gco:CharacterString>Department of City Planning.</gco:CharacterString>
</gmd:credit>
<gmd:status>
<gmd:MD_ProgressCode codeList="http://www.isotc211.org/2005/resources/Codelist/gmxCodelists.xml#MD_ProgressCode" codeListValue="completed" codeSpace="ISOTC211/19115">completed</gmd:MD_ProgressCode>
</gmd:status>
<gmd:pointOfContact>
<gmd:CI_ResponsibleParty>
<gmd:organisationName>
<gco:CharacterString>New York City Department of City Planning</gco:CharacterString>
</gmd:organisationName>
<gmd:positionName>
<gco:CharacterString>BYTES of the BIG APPLE Coordinator</gco:CharacterString>
</gmd:positionName>
<gmd:contactInfo>
<gmd:CI_Contact>
<gmd:phone>
<gmd:CI_Telephone>
<gmd:voice>
<gco:CharacterString>212.720.3505</gco:CharacterString>
</gmd:voice>
</gmd:CI_Telephone>
</gmd:phone>
<gmd:address>
<gmd:CI_Address>
<gmd:deliveryPoint>
<gco:CharacterString>120 Broadway, 31st Floor</gco:CharacterString>
</gmd:deliveryPoint>
<gmd:city>
<gco:CharacterString>New York</gco:CharacterString>
</gmd:city>
<gmd:administrativeArea>
<gco:CharacterString>NY</gco:CharacterString>
</gmd:administrativeArea>
<gmd:postalCode>
<gco:CharacterString>10271</gco:CharacterString>
</gmd:postalCode>
<gmd:country>
<gco:CharacterString>US</gco:CharacterString>
</gmd:country>
</gmd:CI_Address>
</gmd:address>
</gmd:CI_Contact>
</gmd:contactInfo>
<gmd:role>
<gmd:CI_RoleCode codeList="http://www.isotc211.org/2005/resources/Codelist/gmxCodelists.xml#CI_RoleCode" codeListValue="pointOfContact" codeSpace="ISOTC211/19115">pointOfContact</gmd:CI_RoleCode>
</gmd:role>
</gmd:CI_ResponsibleParty>
</gmd:pointOfContact>
<gmd:resourceMaintenance>
<gmd:MD_MaintenanceInformation>
<gmd:maintenanceAndUpdateFrequency>
<gmd:MD_MaintenanceFrequencyCode codeList="http://www.isotc211.org/2005/resources/Codelist/gmxCodelists.xml#MD_MaintenanceFrequencyCode" codeListValue="quarterly" codeSpace="ISOTC211/19115">quarterly</gmd:MD_MaintenanceFrequencyCode>
</gmd:maintenanceAndUpdateFrequency>
</gmd:MD_MaintenanceInformation>
</gmd:resourceMaintenance>
<gmd:descriptiveKeywords>
<gmd:MD_Keywords>
<gmd:keyword>
<gco:CharacterString>New York</gco:CharacterString>
</gmd:keyword>
<gmd:keyword>
<gco:CharacterString>Manhattan</gco:CharacterString>
</gmd:keyword>
<gmd:keyword>
<gco:CharacterString>Queens</gco:CharacterString>
</gmd:keyword>
<gmd:keyword>
<gco:CharacterString>Brooklyn</gco:CharacterString>
</gmd:keyword>
<gmd:keyword>
<gco:CharacterString>Richmond</gco:CharacterString>
</gmd:keyword>
<gmd:keyword>
<gco:CharacterString>Bronx</gco:CharacterString>
</gmd:keyword>
<gmd:keyword>
<gco:CharacterString>Kings</gco:CharacterString>
</gmd:keyword>
<gmd:keyword>
<gco:CharacterString>Staten Island</gco:CharacterString>
</gmd:keyword>
<gmd:keyword>
<gco:CharacterString>New York City</gco:CharacterString>
</gmd:keyword>
<gmd:type>
<gmd:MD_KeywordTypeCode codeList="http://www.isotc211.org/2005/resources/Codelist/gmxCodelists.xml#MD_KeywordTypeCode" codeListValue="place" codeSpace="ISOTC211/19115">place</gmd:MD_KeywordTypeCode>
</gmd:type>
</gmd:MD_Keywords>
</gmd:descriptiveKeywords>
<gmd:descriptiveKeywords>
<gmd:MD_Keywords>
<gmd:keyword>
<gco:CharacterString>New York</gco:CharacterString>
</gmd:keyword>
<gmd:keyword>
<gco:CharacterString>Manhattan</gco:CharacterString>
</gmd:keyword>
<gmd:keyword>
<gco:CharacterString>Queens</gco:CharacterString>
</gmd:keyword>
<gmd:keyword>
<gco:CharacterString>Brooklyn</gco:CharacterString>
</gmd:keyword>
<gmd:keyword>
<gco:CharacterString>Richmond</gco:CharacterString>
</gmd:keyword>
<gmd:keyword>
<gco:CharacterString>Bronx</gco:CharacterString>
</gmd:keyword>
<gmd:keyword>
<gco:CharacterString>Kings</gco:CharacterString>
</gmd:keyword>
<gmd:keyword>
<gco:CharacterString>Staten Island</gco:CharacterString>
</gmd:keyword>
<gmd:keyword>
<gco:CharacterString>New York City</gco:CharacterString>
</gmd:keyword>
<gmd:type>
<gmd:MD_KeywordTypeCode codeList="http://www.isotc211.org/2005/resources/Codelist/gmxCodelists.xml#MD_KeywordTypeCode" codeListValue="place" codeSpace="ISOTC211/19115">place</gmd:MD_KeywordTypeCode>
</gmd:type>
</gmd:MD_Keywords>
</gmd:descriptiveKeywords>
<gmd:descriptiveKeywords>
<gmd:MD_Keywords>
<gmd:keyword>
<gco:CharacterString>New York</gco:CharacterString>
</gmd:keyword>
<gmd:keyword>
<gco:CharacterString>Manhattan</gco:CharacterString>
</gmd:keyword>
<gmd:keyword>
<gco:CharacterString>Queens</gco:CharacterString>
</gmd:keyword>
<gmd:keyword>
<gco:CharacterString>Brooklyn</gco:CharacterString>
</gmd:keyword>
<gmd:keyword>
<gco:CharacterString>Richmond</gco:CharacterString>
</gmd:keyword>
<gmd:keyword>
<gco:CharacterString>Bronx</gco:CharacterString>
</gmd:keyword>
<gmd:keyword>
<gco:CharacterString>Kings</gco:CharacterString>
</gmd:keyword>
<gmd:keyword>
<gco:CharacterString>Staten Island</gco:CharacterString>
</gmd:keyword>
<gmd:keyword>
<gco:CharacterString>New York City</gco:CharacterString>
</gmd:keyword>
<gmd:type>
<gmd:MD_KeywordTypeCode codeList="http://www.isotc211.org/2005/resources/Codelist/gmxCodelists.xml#MD_KeywordTypeCode" codeListValue="place" codeSpace="ISOTC211/19115">place</gmd:MD_KeywordTypeCode>
</gmd:type>
</gmd:MD_Keywords>
</gmd:descriptiveKeywords>
<gmd:descriptiveKeywords>
<gmd:MD_Keywords>
<gmd:keyword>
<gco:CharacterString>New York</gco:CharacterString>
</gmd:keyword>
<gmd:keyword>
<gco:CharacterString>Manhattan</gco:CharacterString>
</gmd:keyword>
<gmd:keyword>
<gco:CharacterString>Queens</gco:CharacterString>
</gmd:keyword>
<gmd:keyword>
<gco:CharacterString>Brooklyn</gco:CharacterString>
</gmd:keyword>
<gmd:keyword>
<gco:CharacterString>Richmond</gco:CharacterString>
</gmd:keyword>
<gmd:keyword>
<gco:CharacterString>Bronx</gco:CharacterString>
</gmd:keyword>
<gmd:keyword>
<gco:CharacterString>Kings</gco:CharacterString>
</gmd:keyword>
<gmd:keyword>
<gco:CharacterString>Staten Island</gco:CharacterString>
</gmd:keyword>
<gmd:keyword>
<gco:CharacterString>New York City</gco:CharacterString>
</gmd:keyword>
<gmd:type>
<gmd:MD_KeywordTypeCode codeList="http://www.isotc211.org/2005/resources/Codelist/gmxCodelists.xml#MD_KeywordTypeCode" codeListValue="place" codeSpace="ISOTC211/19115">place</gmd:MD_KeywordTypeCode>
</gmd:type>
</gmd:MD_Keywords>
</gmd:descriptiveKeywords>
<gmd:descriptiveKeywords>
<gmd:MD_Keywords>
<gmd:keyword>
<gco:CharacterString>New York</gco:CharacterString>
</gmd:keyword>
<gmd:keyword>
<gco:CharacterString>Manhattan</gco:CharacterString>
</gmd:keyword>
<gmd:keyword>
<gco:CharacterString>Queens</gco:CharacterString>
</gmd:keyword>
<gmd:keyword>
<gco:CharacterString>Brooklyn</gco:CharacterString>
</gmd:keyword>
<gmd:keyword>
<gco:CharacterString>Richmond</gco:CharacterString>
</gmd:keyword>
<gmd:keyword>
<gco:CharacterString>Bronx</gco:CharacterString>
</gmd:keyword>
<gmd:keyword>
<gco:CharacterString>Kings</gco:CharacterString>
</gmd:keyword>
<gmd:keyword>
<gco:CharacterString>Staten Island</gco:CharacterString>
</gmd:keyword>
<gmd:keyword>
<gco:CharacterString>New York City</gco:CharacterString>
</gmd:keyword>
<gmd:type>
<gmd:MD_KeywordTypeCode codeList="http://www.isotc211.org/2005/resources/Codelist/gmxCodelists.xml#MD_KeywordTypeCode" codeListValue="place" codeSpace="ISOTC211/19115">place</gmd:MD_KeywordTypeCode>
</gmd:type>
</gmd:MD_Keywords>
</gmd:descriptiveKeywords>
<gmd:descriptiveKeywords>
<gmd:MD_Keywords>
<gmd:keyword>
<gco:CharacterString>New York</gco:CharacterString>
</gmd:keyword>
<gmd:keyword>
<gco:CharacterString>Manhattan</gco:CharacterString>
</gmd:keyword>
<gmd:keyword>
<gco:CharacterString>Queens</gco:CharacterString>
</gmd:keyword>
<gmd:keyword>
<gco:CharacterString>Brooklyn</gco:CharacterString>
</gmd:keyword>
<gmd:keyword>
<gco:CharacterString>Richmond</gco:CharacterString>
</gmd:keyword>
<gmd:keyword>
<gco:CharacterString>Bronx</gco:CharacterString>
</gmd:keyword>
<gmd:keyword>
<gco:CharacterString>Kings</gco:CharacterString>
</gmd:keyword>
<gmd:keyword>
<gco:CharacterString>Staten Island</gco:CharacterString>
</gmd:keyword>
<gmd:keyword>
<gco:CharacterString>New York City</gco:CharacterString>
</gmd:keyword>
<gmd:type>
<gmd:MD_KeywordTypeCode codeList="http://www.isotc211.org/2005/resources/Codelist/gmxCodelists.xml#MD_KeywordTypeCode" codeListValue="place" codeSpace="ISOTC211/19115">place</gmd:MD_KeywordTypeCode>
</gmd:type>
</gmd:MD_Keywords>
</gmd:descriptiveKeywords>
<gmd:descriptiveKeywords>
<gmd:MD_Keywords>
<gmd:keyword>
<gco:CharacterString>New York</gco:CharacterString>
</gmd:keyword>
<gmd:keyword>
<gco:CharacterString>Manhattan</gco:CharacterString>
</gmd:keyword>
<gmd:keyword>
<gco:CharacterString>Queens</gco:CharacterString>
</gmd:keyword>
<gmd:keyword>
<gco:CharacterString>Brooklyn</gco:CharacterString>
</gmd:keyword>
<gmd:keyword>
<gco:CharacterString>Richmond</gco:CharacterString>
</gmd:keyword>
<gmd:keyword>
<gco:CharacterString>Bronx</gco:CharacterString>
</gmd:keyword>
<gmd:keyword>
<gco:CharacterString>Kings</gco:CharacterString>
</gmd:keyword>
<gmd:keyword>
<gco:CharacterString>Staten Island</gco:CharacterString>
</gmd:keyword>
<gmd:keyword>
<gco:CharacterString>New York City</gco:CharacterString>
</gmd:keyword>
<gmd:type>
<gmd:MD_KeywordTypeCode codeList="http://www.isotc211.org/2005/resources/Codelist/gmxCodelists.xml#MD_KeywordTypeCode" codeListValue="place" codeSpace="ISOTC211/19115">place</gmd:MD_KeywordTypeCode>
</gmd:type>
</gmd:MD_Keywords>
</gmd:descriptiveKeywords>
<gmd:descriptiveKeywords>
<gmd:MD_Keywords>
<gmd:keyword>
<gco:CharacterString>New York</gco:CharacterString>
</gmd:keyword>
<gmd:keyword>
<gco:CharacterString>Manhattan</gco:CharacterString>
</gmd:keyword>
<gmd:keyword>
<gco:CharacterString>Queens</gco:CharacterString>
</gmd:keyword>
<gmd:keyword>
<gco:CharacterString>Brooklyn</gco:CharacterString>
</gmd:keyword>
<gmd:keyword>
<gco:CharacterString>Richmond</gco:CharacterString>
</gmd:keyword>
<gmd:keyword>
<gco:CharacterString>Bronx</gco:CharacterString>
</gmd:keyword>
<gmd:keyword>
<gco:CharacterString>Kings</gco:CharacterString>
</gmd:keyword>
<gmd:keyword>
<gco:CharacterString>Staten Island</gco:CharacterString>
</gmd:keyword>
<gmd:keyword>
<gco:CharacterString>New York City</gco:CharacterString>
</gmd:keyword>
<gmd:type>
<gmd:MD_KeywordTypeCode codeList="http://www.isotc211.org/2005/resources/Codelist/gmxCodelists.xml#MD_KeywordTypeCode" codeListValue="place" codeSpace="ISOTC211/19115">place</gmd:MD_KeywordTypeCode>
</gmd:type>
</gmd:MD_Keywords>
</gmd:descriptiveKeywords>
<gmd:descriptiveKeywords>
<gmd:MD_Keywords>
<gmd:keyword>
<gco:CharacterString>New York</gco:CharacterString>
</gmd:keyword>
<gmd:keyword>
<gco:CharacterString>Manhattan</gco:CharacterString>
</gmd:keyword>
<gmd:keyword>
<gco:CharacterString>Queens</gco:CharacterString>
</gmd:keyword>
<gmd:keyword>
<gco:CharacterString>Brooklyn</gco:CharacterString>
</gmd:keyword>
<gmd:keyword>
<gco:CharacterString>Richmond</gco:CharacterString>
</gmd:keyword>
<gmd:keyword>
<gco:CharacterString>Bronx</gco:CharacterString>
</gmd:keyword>
<gmd:keyword>
<gco:CharacterString>Kings</gco:CharacterString>
</gmd:keyword>
<gmd:keyword>
<gco:CharacterString>Staten Island</gco:CharacterString>
</gmd:keyword>
<gmd:keyword>
<gco:CharacterString>New York City</gco:CharacterString>
</gmd:keyword>
<gmd:type>
<gmd:MD_KeywordTypeCode codeList="http://www.isotc211.org/2005/resources/Codelist/gmxCodelists.xml#MD_KeywordTypeCode" codeListValue="place" codeSpace="ISOTC211/19115">place</gmd:MD_KeywordTypeCode>
</gmd:type>
</gmd:MD_Keywords>
</gmd:descriptiveKeywords>
<gmd:descriptiveKeywords>
<gmd:MD_Keywords>
<gmd:keyword>
<gco:CharacterString>boundaries</gco:CharacterString>
</gmd:keyword>
<gmd:keyword>
<gco:CharacterString>boundary</gco:CharacterString>
</gmd:keyword>
<gmd:keyword>
<gco:CharacterString>borough</gco:CharacterString>
</gmd:keyword>
<gmd:type>
<gmd:MD_KeywordTypeCode codeList="http://www.isotc211.org/2005/resources/Codelist/gmxCodelists.xml#MD_KeywordTypeCode" codeListValue="theme" codeSpace="ISOTC211/19115">theme</gmd:MD_KeywordTypeCode>
</gmd:type>
</gmd:MD_Keywords>
</gmd:descriptiveKeywords>
<gmd:descriptiveKeywords>
<gmd:MD_Keywords>
<gmd:keyword>
<gco:CharacterString>boundaries</gco:CharacterString>
</gmd:keyword>
<gmd:keyword>
<gco:CharacterString>boundary</gco:CharacterString>
</gmd:keyword>
<gmd:keyword>
<gco:CharacterString>borough</gco:CharacterString>
</gmd:keyword>
<gmd:type>
<gmd:MD_KeywordTypeCode codeList="http://www.isotc211.org/2005/resources/Codelist/gmxCodelists.xml#MD_KeywordTypeCode" codeListValue="theme" codeSpace="ISOTC211/19115">theme</gmd:MD_KeywordTypeCode>
</gmd:type>
</gmd:MD_Keywords>
</gmd:descriptiveKeywords>
<gmd:descriptiveKeywords>
<gmd:MD_Keywords>
<gmd:keyword>
<gco:CharacterString>boundaries</gco:CharacterString>
</gmd:keyword>
<gmd:keyword>
<gco:CharacterString>boundary</gco:CharacterString>
</gmd:keyword>
<gmd:keyword>
<gco:CharacterString>borough</gco:CharacterString>
</gmd:keyword>
<gmd:type>
<gmd:MD_KeywordTypeCode codeList="http://www.isotc211.org/2005/resources/Codelist/gmxCodelists.xml#MD_KeywordTypeCode" codeListValue="theme" codeSpace="ISOTC211/19115">theme</gmd:MD_KeywordTypeCode>
</gmd:type>
</gmd:MD_Keywords>
</gmd:descriptiveKeywords>
<gmd:descriptiveKeywords>
<gmd:MD_Keywords>
<gmd:keyword>
<gco:CharacterString>Downloadable Data</gco:CharacterString>
</gmd:keyword>
<gmd:thesaurusName uuidref="723f6998-058e-11dc-8314-0800200c9a66"/>
</gmd:MD_Keywords>
</gmd:descriptiveKeywords>
<gmd:resourceConstraints>
<gmd:MD_Constraints>
<gmd:useLimitation>
<gco:CharacterString>This dataset is being provided by the Department of City Planning (DCP) on DCP’s website for informational purposes only. DCP does not warranty the completeness, accuracy, content, or fitness for any particular purpose or use of the dataset, nor are any such warranties to be implied or inferred with respect to the dataset as furnished on the website. DCP and the City are not liable for any deficiencies in the completeness, accuracy, content, or fitness for any particular purpose or use the dataset, or applications utilizing the dataset, provided by any third party.</gco:CharacterString>
</gmd:useLimitation>
</gmd:MD_Constraints>
</gmd:resourceConstraints>
<gmd:resourceConstraints>
<gmd:MD_LegalConstraints>
<gmd:otherConstraints>
<gco:CharacterString>The data is freely available to all New York City agencies and the public.</gco:CharacterString>
</gmd:otherConstraints>
</gmd:MD_LegalConstraints>
</gmd:resourceConstraints>
<gmd:resourceConstraints>
<gmd:MD_SecurityConstraints>
<gmd:classification>
<gmd:MD_ClassificationCode codeList="http://www.isotc211.org/2005/resources/Codelist/gmxCodelists.xml#MD_ClassificationCode" codeListValue="unclassified" codeSpace="ISOTC211/19115">unclassified</gmd:MD_ClassificationCode>
</gmd:classification>
</gmd:MD_SecurityConstraints>
</gmd:resourceConstraints>
<gmd:spatialRepresentationType>
<gmd:MD_SpatialRepresentationTypeCode codeList="http://www.isotc211.org/2005/resources/Codelist/gmxCodelists.xml#MD_SpatialRepresentationTypeCode" codeListValue="vector" codeSpace="ISOTC211/19115">vector</gmd:MD_SpatialRepresentationTypeCode>
</gmd:spatialRepresentationType>
<gmd:language>
<gmd:LanguageCode codeList="http://www.loc.gov/standards/iso639-2/php/code_list.php" codeListValue="eng" codeSpace="ISO639-2">eng</gmd:LanguageCode>
</gmd:language>
<gmd:characterSet>
<gmd:MD_CharacterSetCode codeList="http://www.isotc211.org/2005/resources/Codelist/gmxCodelists.xml#MD_CharacterSetCode" codeListValue="utf8" codeSpace="ISOTC211/19115">utf8</gmd:MD_CharacterSetCode>
</gmd:characterSet>
<gmd:topicCategory>
<gmd:MD_TopicCategoryCode>boundaries</gmd:MD_TopicCategoryCode>
</gmd:topicCategory>
<gmd:environmentDescription>
<gco:CharacterString>Microsoft Windows 7 Version 6.1 (Build 7601) Service Pack 1; Esri ArcGIS 10.3.1.4959</gco:CharacterString>
</gmd:environmentDescription>
<gmd:extent>
<gmd:EX_Extent>
<gmd:description>
<gco:CharacterString>ground condition</gco:CharacterString>
</gmd:description>
</gmd:EX_Extent>
</gmd:extent>
<gmd:extent>
<gmd:EX_Extent>
<gmd:geographicElement>
<gmd:EX_GeographicBoundingBox>
<gmd:extentTypeCode>
<gco:Boolean>true</gco:Boolean>
</gmd:extentTypeCode>
<gmd:westBoundLongitude>
<gco:Decimal>-74.26038</gco:Decimal>
</gmd:westBoundLongitude>
<gmd:eastBoundLongitude>
<gco:Decimal>-73.699206</gco:Decimal>
</gmd:eastBoundLongitude>
<gmd:southBoundLatitude>
<gco:Decimal>40.485808</gco:Decimal>
</gmd:southBoundLatitude>
<gmd:northBoundLatitude>
<gco:Decimal>40.917691</gco:Decimal>
</gmd:northBoundLatitude>
</gmd:EX_GeographicBoundingBox>
</gmd:geographicElement>
</gmd:EX_Extent>
</gmd:extent>
</gmd:MD_DataIdentification>
</gmd:identificationInfo>
<gmd:distributionInfo>
<gmd:MD_Distribution>
<gmd:distributionFormat>
<gmd:MD_Format>
<gmd:name>
<gco:CharacterString>ESRI Shapefile</gco:CharacterString>
</gmd:name>
<gmd:version>
<gco:CharacterString>Open Specification</gco:CharacterString>
</gmd:version>
</gmd:MD_Format>
</gmd:distributionFormat>
<gmd:distributor>
<gmd:MD_Distributor>
<gmd:distributorContact>
<gmd:CI_ResponsibleParty>
<gmd:organisationName>
<gco:CharacterString>New York City Department of City Planning</gco:CharacterString>
</gmd:organisationName>
<gmd:contactInfo>
<gmd:CI_Contact>
<gmd:address>
<gmd:CI_Address>
<gmd:deliveryPoint>
<gco:CharacterString>120 Broadway, 31st Floor</gco:CharacterString>
</gmd:deliveryPoint>
<gmd:city>
<gco:CharacterString>New York</gco:CharacterString>
</gmd:city>
<gmd:administrativeArea>
<gco:CharacterString>New York</gco:CharacterString>
</gmd:administrativeArea>
<gmd:postalCode>
<gco:CharacterString>10271</gco:CharacterString>
</gmd:postalCode>
<gmd:country>
<gco:CharacterString>US</gco:CharacterString>
</gmd:country>
</gmd:CI_Address>
</gmd:address>
<gmd:contactInstructions>
<gco:CharacterString>Available at the following website: http://www.nyc.gov/html/dcp/html/bytes/applbyte.shtml</gco:CharacterString>
</gmd:contactInstructions>
</gmd:CI_Contact>
</gmd:contactInfo>
<gmd:role>
<gmd:CI_RoleCode codeList="http://www.isotc211.org/2005/resources/Codelist/gmxCodelists.xml#CI_RoleCode" codeListValue="distributor" codeSpace="ISOTC211/19115">distributor</gmd:CI_RoleCode>
</gmd:role>
</gmd:CI_ResponsibleParty>
</gmd:distributorContact>
<gmd:distributionOrderProcess>
<gmd:MD_StandardOrderProcess>
<gmd:fees>
<gco:CharacterString>Free</gco:CharacterString>
</gmd:fees>
</gmd:MD_StandardOrderProcess>
</gmd:distributionOrderProcess>
</gmd:MD_Distributor>
</gmd:distributor>
<gmd:transferOptions>
<gmd:MD_DigitalTransferOptions>
<gmd:onLine>
<gmd:CI_OnlineResource>
<gmd:linkage>
<gmd:URL>http://www.nyc.gov/html/dcp/html/bytes/applbyte.shtml</gmd:URL>
</gmd:linkage>
</gmd:CI_OnlineResource>
</gmd:onLine>
</gmd:MD_DigitalTransferOptions>
</gmd:transferOptions>
</gmd:MD_Distribution>
</gmd:distributionInfo>
<gmd:dataQualityInfo>
<gmd:DQ_DataQuality>
<gmd:scope>
<gmd:DQ_Scope>
<gmd:level>
<gmd:MD_ScopeCode codeList="http://www.isotc211.org/2005/resources/Codelist/gmxCodelists.xml#MD_ScopeCode" codeListValue="dataset" codeSpace="ISOTC211/19115">dataset</gmd:MD_ScopeCode>
</gmd:level>
</gmd:DQ_Scope>
</gmd:scope>
<gmd:report>
<gmd:DQ_CompletenessOmission>
<gmd:measureDescription>
<gco:CharacterString>These data are accurate as of US Census 2010.</gco:CharacterString>
</gmd:measureDescription>
<gmd:result gco:nilReason="missing"/>
</gmd:DQ_CompletenessOmission>
</gmd:report>
<gmd:report>
<gmd:DQ_AbsoluteExternalPositionalAccuracy>
<gmd:measureDescription>
<gco:CharacterString>The District files are created from the same release version of the Department of City Planning LION file. The LION file is spatially aligned with NYCMap aerial photography.</gco:CharacterString>
</gmd:measureDescription>
<gmd:result gco:nilReason="missing"/>
</gmd:DQ_AbsoluteExternalPositionalAccuracy>
</gmd:report>
</gmd:DQ_DataQuality>
</gmd:dataQualityInfo>
<gmd:metadataMaintenance>
<gmd:MD_MaintenanceInformation>
<gmd:maintenanceAndUpdateFrequency>
<gmd:MD_MaintenanceFrequencyCode codeList="http://www.isotc211.org/2005/resources/Codelist/gmxCodelists.xml#MD_MaintenanceFrequencyCode" codeListValue="quarterly" codeSpace="ISOTC211/19115">quarterly</gmd:MD_MaintenanceFrequencyCode>
</gmd:maintenanceAndUpdateFrequency>
</gmd:MD_MaintenanceInformation>
</gmd:metadataMaintenance>
</gmd:MD_Metadata>
